{"noiseKey":{"private":{"type":"Buffer","data":"yKixok+HnQSnUDU+Zcasp4E8I6OEA91i79FJBx4vTnM="},"public":{"type":"Buffer","data":"ZfJF+ncjwllJVx49cO0cPjZC4UUgHvJxaVzZAVyun2s="}},"pairingEphemeralKeyPair":{"private":{"type":"Buffer","data":"KPw/iQGYBuBf9fPrIV4vwaGranRutTA2+CLvj2auB1o="},"public":{"type":"Buffer","data":"SI7ihlwzlLJ9jR1LdpQX7s6Fuiy/JJG/xsafnpRjZA0="}},"signedIdentityKey":{"private":{"type":"Buffer","data":"0KgFNVlNgTxq1FSBTX8LFX7iv9/8IhZ5rJv7IS0+7FY="},"public":{"type":"Buffer","data":"slQYwNtPwHnaNwef3IeXRERDgYokJ8z23wP/sMUmm1Y="}},"signedPreKey":{"keyPair":{"private":{"type":"Buffer","data":"UJ1YTvQAnD5lwNJOY/18QZQV43FC3UZZYxN5Ro0dv2g="},"public":{"type":"Buffer","data":"f1IDFfDCsAYTdmz6n2tdmU9HTe1BUBpxGg5avUJVTn4="}},"signature":{"type":"Buffer","data":"YxscIyI5L5Er4Hoi1VdO2a5NxFl/vDXiibzKrz2LlZ1F7kRIwEaDkHE4OMXNs3ZTRrUMLyE1mXMYVuYfL19bgA=="},"keyId":1},"registrationId":210,"advSecretKey":"JBupeW1iHCzqlpXcUfbm3RS95vGMI4gxr+cIvU64PxM=","processedHistoryMessages":[{"key":{"remoteJid":"62895423489481@s.whatsapp.net","fromMe":true,"id":"D186CE58167CCBA56662F24666D987C3"},"messageTimestamp":1719388649},{"key":{"remoteJid":"62895423489481@s.whatsapp.net","fromMe":true,"id":"CED5A38F92DC7D7BD035E361042779CC"},"messageTimestamp":1719388650},{"key":{"remoteJid":"62895423489481@s.whatsapp.net","fromMe":true,"id":"2BEF5F8ECA1A763976421592F018E4AD"},"messageTimestamp":1719388652},{"key":{"remoteJid":"62895423489481@s.whatsapp.net","fromMe":true,"id":"B8B7DEB88B7C45A088341F4DEF93276B"},"messageTimestamp":1719388652}],"nextPreKeyId":61,"firstUnuploadedPreKeyId":61,"accountSyncCounter":1,"accountSettings":{"unarchiveChats":false},"deviceId":"fYSHBES5RTikwzvbuR7dHQ","phoneId":"d5da409d-0cdf-4415-b1e8-67f1ca61d8e7","identityId":{"type":"Buffer","data":"rP0Izb2zWyMS8QBDyNLYTlWG7+w="},"registered":false,"backupToken":{"type":"Buffer","data":"DWAT+bSKMcdXACcd0nBFpYQh7Kg="},"registration":{},"account":{"details":"CJjiscUFEOWT77MGGAEgACgA","accountSignatureKey":"sX77TTET0PA+vjjjy4DvpqtdqlI90puRbKKfHC2oZ0A=","accountSignature":"FzHCyaLuBW8T/tn7HtrY2ausNk+QoX3SvJAY7U60YFPiz/P8qMp7Ej9fHkcQbncruhQxVauG+kSO/qkkrwXOAw==","deviceSignature":"kxSFMYXoPPS+uHcWyDgkkWZlKQawX0stTvL8OtJiJANCpZo3Zmhb4o4mWY9kYBlejbK/SWZXD8eBGbdVsanMgw=="},"me":{"id":"62895423489481:41@s.whatsapp.net","lid":"26268473016502:41@lid","name":"userbanido"},"signalIdentities":[{"identifier":{"name":"62895423489481:41@s.whatsapp.net","deviceId":0},"identifierKey":{"type":"Buffer","data":"BbF++00xE9DwPr4448uA76arXapSPdKbkWyinxwtqGdA"}}],"platform":"android","routingInfo":{"type":"Buffer","data":"CA0IAg=="},"lastAccountSyncTimestamp":1719388894,"myAppStateKeyId":"AAAAABFT","lastPropHash":"2RutN0"}