{"_sessions":{"Bfv/Sb2AAzkXKL4dVKPdVMakXi1e+nNon3T735YoEEBa":{"registrationId":2140390327,"currentRatchet":{"ephemeralKeyPair":{"pubKey":"BWBvCWnvRvP0ybinZv/p6/7EqvwT0TmgXfZgEJ1uBbdA","privKey":"eChEi9c3aPnf6W/zWHUO7/ES0eYtb3saX5BIYJZu0VU="},"lastRemoteEphemeralKey":"BRYxbNoaRBOYeEC0ZZr6J+MOgJmnXe7rMG9BsfeH9WYZ","previousCounter":0,"rootKey":"Eqs0u/B2uR4A2Xe1quolOzL3x+03g0Nz1N0ADWrKf5Y="},"indexInfo":{"baseKey":"Bfv/Sb2AAzkXKL4dVKPdVMakXi1e+nNon3T735YoEEBa","baseKeyType":1,"closed":-1,"used":1719388656900,"created":1719388656900,"remoteIdentityKey":"Bd6QG27oeVhEE4jcLCzNW5AiOlJmBEHFdgx1+/2xM55z"},"_chains":{"BWBvCWnvRvP0ybinZv/p6/7EqvwT0TmgXfZgEJ1uBbdA":{"chainKey":{"counter":1,"key":"ZJkf+V3XBIRKmGdkl7cjCp0+PXFOYyi/PSloahNcJkk="},"chainType":1,"messageKeys":{}}},"pendingPreKey":{"signedKeyId":0,"baseKey":"Bfv/Sb2AAzkXKL4dVKPdVMakXi1e+nNon3T735YoEEBa","preKeyId":13029240}}},"version":"v1"}