{"_sessions":{"Ba8VII0kE1wpbkZvd8EPTMbtvx1ZzIdAiQHA68O0X4xb":{"registrationId":298141606,"currentRatchet":{"ephemeralKeyPair":{"pubKey":"BfGMmGhR5vTTKhdnBmrmDJAjsnLioRhThX5LCndrxrQo","privKey":"OHaylW3IWcli7gLpK2Nlb5JpvJIJE3PDWAOfgTNHFl4="},"lastRemoteEphemeralKey":"BfjKOJtSNRE11fMiz6ehI3WR1szg9nDtRi+F+k981oo/","previousCounter":0,"rootKey":"m87UcvAgzePqmQQz7XlObkDaxK6lOGvO+Yk570oeu8Y="},"indexInfo":{"baseKey":"Ba8VII0kE1wpbkZvd8EPTMbtvx1ZzIdAiQHA68O0X4xb","baseKeyType":1,"closed":-1,"used":1719388656904,"created":1719388656904,"remoteIdentityKey":"BVWOIJ+Qz9ApaaZDbwep37hgcxdpH6fHQGc2WaOUjMgr"},"_chains":{"BfGMmGhR5vTTKhdnBmrmDJAjsnLioRhThX5LCndrxrQo":{"chainKey":{"counter":1,"key":"eDD1vYI76Ez6IN8l9rhYW2NGY98KqCvHN843OC/n5+c="},"chainType":1,"messageKeys":{}}},"pendingPreKey":{"signedKeyId":3,"baseKey":"Ba8VII0kE1wpbkZvd8EPTMbtvx1ZzIdAiQHA68O0X4xb","preKeyId":14052996}}},"version":"v1"}