{"_sessions":{"BUFx9c4rf6yl9NcMDl5oX61cRUA4BusX/bGy1dPBJ64u":{"registrationId":855904565,"currentRatchet":{"ephemeralKeyPair":{"pubKey":"BcOKusUVkj6o6zxiVr19h731az2svfZ2jEQCbGgz0u97","privKey":"KGgk8FiYoyqpcgl68wDeXYc5Y+zuBQiQgVa2/MH97WM="},"lastRemoteEphemeralKey":"BW2LbsV5jur5h30fqPg4ttmt3fp9hrsYZlLeH1mIligz","previousCounter":0,"rootKey":"ewvEcm2u9Katw8+ityM7kinGTxDGRmtmiieO3pIbv4w="},"indexInfo":{"baseKey":"BUFx9c4rf6yl9NcMDl5oX61cRUA4BusX/bGy1dPBJ64u","baseKeyType":2,"closed":-1,"used":1719394322122,"created":1719394322122,"remoteIdentityKey":"BSZQ0yIz/2lVobLuV7UNavqo9tSuuaYhGwcr7YhheCc6"},"_chains":{"BW2LbsV5jur5h30fqPg4ttmt3fp9hrsYZlLeH1mIligz":{"chainKey":{"counter":5,"key":"hSkCnzZ5hF4eq8JdIS1OYG3OFa3Hv5tc9vZvp6hcucE="},"chainType":2,"messageKeys":{}},"BcOKusUVkj6o6zxiVr19h731az2svfZ2jEQCbGgz0u97":{"chainKey":{"counter":-1,"key":"3v54gXdxEAtPzHVzpQlXsoy+gFvYItgBOfzh2uf5dDc="},"chainType":1,"messageKeys":{}}}}},"version":"v1"}