{"_sessions":{"BbUYt/w3cs4oYW0icHghsA9ODlArBrMy+0d9bqFr90FF":{"registrationId":393874613,"currentRatchet":{"ephemeralKeyPair":{"pubKey":"BZEs3iUgf47lbNVDfN0vzV9SaCa1ImV6naBYonJOvm9s","privKey":"KPLJ6QnxaypZCyg0WAjXm+cC7ERBiUfPsWWaaDpRMms="},"lastRemoteEphemeralKey":"BYbtSjAKU2lMvgPaWQfVMcqwZ1Eq6RVN6Gm76127Fuxt","previousCounter":1,"rootKey":"Bl8SMjeq+MHrC5nG1wMxMYpj+ZdSlZ3ar5bXgNAflUU="},"indexInfo":{"baseKey":"BbUYt/w3cs4oYW0icHghsA9ODlArBrMy+0d9bqFr90FF","baseKeyType":2,"closed":-1,"used":1719393918173,"created":1719388649387,"remoteIdentityKey":"BbF++00xE9DwPr4448uA76arXapSPdKbkWyinxwtqGdA"},"_chains":{"BYddZnbzJTCbvttLqATPALV+6PuCLKj6a4pVYfsWI/wW":{"chainKey":{"counter":8},"chainType":2,"messageKeys":{}},"BXyZrz/siaYll3lYL+UEYBmqvHQiPGV11yIz3bOyWcFR":{"chainKey":{"counter":0},"chainType":2,"messageKeys":{}},"BQf4QPk6L4VDCdKgyxwgqAUipAeCS88qkon89c3ATxFm":{"chainKey":{"counter":5},"chainType":2,"messageKeys":{}},"BX+Yy8/hTlPtXeJCGbXssUdsOUGPuuS+cd1kyRMbNyhG":{"chainKey":{"counter":0},"chainType":2,"messageKeys":{}},"BfDCWRSQbfv2IYJhXtgpMImxTq8G9+KNOXeMpwPjPPU2":{"chainKey":{"counter":0},"chainType":2,"messageKeys":{}},"BWmtbkuNk0C/d5AECnE1Q9qdzhEjh/bPtuqzPWJD+rZQ":{"chainKey":{"counter":0},"chainType":2,"messageKeys":{}},"BeCvpCB2wr0BGtQNR1v30lUo5/OKg+twsOJpPfSXVy5T":{"chainKey":{"counter":1},"chainType":2,"messageKeys":{}},"BX3NFwnUrNSiYd40Vd8hIz3EBzDzSItFqBymkhpJUK14":{"chainKey":{"counter":0},"chainType":2,"messageKeys":{}},"BftTJmVIYwJD+1w4uYihh4HbX+c/7MXQhtczcfpCmtM9":{"chainKey":{"counter":0},"chainType":2,"messageKeys":{}},"BQG18ihkxIp4ugpKySme0eoTxpk5wKTUsa7r9Qq09JRt":{"chainKey":{"counter":2},"chainType":2,"messageKeys":{}},"BeBuqU0vgQv8v9thfG0BRkLlojtQZoVQTfpA4oVO/X1t":{"chainKey":{"counter":0},"chainType":2,"messageKeys":{}},"BX/NVmBcBPsrrBOBDC7kRfvkIOkKgtXsppiI3nhCeIld":{"chainKey":{"counter":0},"chainType":2,"messageKeys":{}},"BQbJoujFZrfy2M21vAJwQ0tH2TgzexqtYM601e5ThmZB":{"chainKey":{"counter":0},"chainType":2,"messageKeys":{}},"BZGbWAdesInBOdWWre8hc9dKrqxIOdcVGsl2PaXb4Ag4":{"chainKey":{"counter":0},"chainType":2,"messageKeys":{}},"BWQ0JSCBC2EG9GM00EplZ5RI05NK/tj7fW9e6q0qaxlE":{"chainKey":{"counter":6},"chainType":2,"messageKeys":{}},"BfxaJmbaOXYKul631jYvR1yFe91uJjcRH/n0fvMKeZk+":{"chainKey":{"counter":0},"chainType":2,"messageKeys":{}},"BX01yiCENBNbk6jnnWQlGVG3MNZ0Yqd+T1utCTAbH9ox":{"chainKey":{"counter":0},"chainType":2,"messageKeys":{}},"BVe7m6E06LM9lAo/xNo+eGCo+RPU+4nvtDnPKb5woKxi":{"chainKey":{"counter":3},"chainType":2,"messageKeys":{}},"Beyc/THsQZOwb09P62nKa2C2CN0XD0GHh+NmVj0Atf0a":{"chainKey":{"counter":0},"chainType":2,"messageKeys":{}},"BQBsP9yg/Wpsd+9Aqzq/seBJ9bAd9nYSJ+OX3ARcIeFj":{"chainKey":{"counter":0},"chainType":2,"messageKeys":{}},"BXXxvuIurEgecnR1gRyW1BrUSTTuncg3cmUQb29UV59B":{"chainKey":{"counter":2},"chainType":2,"messageKeys":{}},"BXAfF/NfJZNCxFBSJBKolv9uiywr5LhVtJYQmjmtq1sd":{"chainKey":{"counter":0},"chainType":2,"messageKeys":{}},"BbnX5MzLiu4tqbjLMwEKzaQzaSZMqWnVFL0WrKna8TEN":{"chainKey":{"counter":0},"chainType":2,"messageKeys":{}},"BSCM/apXv0FDQlLJXUXcTh4uBogfEo4JaWSyPyFjZO0U":{"chainKey":{"counter":0},"chainType":2,"messageKeys":{}},"BSJzl7UkgdTvPGFZEAr4qcScaDlSAc2VtVaAlYvjUExn":{"chainKey":{"counter":1},"chainType":2,"messageKeys":{}},"BVUzhdmx4h+cCn8w7X/HWYPZMC9Ma6H0WwWOYHujL3cS":{"chainKey":{"counter":0},"chainType":2,"messageKeys":{}},"Bae76XcR5/oLbc9mBuhMOZJ4J+N7fIfP5tWSPr69lXVe":{"chainKey":{"counter":0},"chainType":2,"messageKeys":{}},"BV0frqsyjlww/kUhpCqHVmJYh7pKLkPHa24VnLVfVspZ":{"chainKey":{"counter":1},"chainType":2,"messageKeys":{}},"BeBR+AinyFQzI2PFI7j7RrGv93dGl97ByKOFm7E9YKQc":{"chainKey":{"counter":0},"chainType":2,"messageKeys":{}},"BYbtSjAKU2lMvgPaWQfVMcqwZ1Eq6RVN6Gm76127Fuxt":{"chainKey":{"counter":0,"key":"o/PAGv4CshJ8gpPmJo7at17GRzzVmX2GVD0SuY6mrAw="},"chainType":2,"messageKeys":{}},"BZEs3iUgf47lbNVDfN0vzV9SaCa1ImV6naBYonJOvm9s":{"chainKey":{"counter":1,"key":"PUMztIv/CwZRT1iAsjak4WR0aECg6HC9eA+AZKuMks4="},"chainType":1,"messageKeys":{}}}}},"version":"v1"}